{
	"adventure_deck_pos": {
		"x": 1.83214056491852,
		"y": 0.0209999997168779,
		"z": 0.455785274505615
	},
	"adventure_reveal_pos": {
		"x": -0.289173424243927,
		"y": 0.0179999992251396,
		"z": 0.352053850889206
	},
	"astaroth_pos": {
		"x": -4.66278219223022,
		"y": 0.0359999984502792,
		"z": 2.42450404167175
	},
	"boss_deck_pos": {
		"x": -3.14306211471558,
		"y": 0.0389999970793724,
		"z": -1.94746279716492
	},
	"character_pos": {
		"x": -0.0936004668474197,
		"y": 0.0240000002086163,
		"z": 2.38755989074707
	},
	"regno_pos": {
		"x": -3.21372652053833,
		"y": 0.0359999984502792,
		"z": 2.41029572486877
	},
	"tokens_start_pos": {
		"x": 0.988175988197327,
		"y": 0.0260000005364418,
		"z": 4.2585277557373
	},
	"treasure_deck_pos": {
		"x": -3.27177333831787,
		"y": 0.0179999992251396,
		"z": 0.308168441057205
	},
	"treasure_reveal_pos": {
		"x": -4.16809844970703,
		"y": 0.0240000002086163,
		"z": 0.315273016691208
	},
	"treasure_discard_pos": {
		"x": -5.05,
		"y": 0.0240000002086163,
		"z": 0.315
	}
}
